{"equipe":"1","bateria":0,"temperatura":28.5,"pressao":92200,"giroscopio":[-0.02638,0.007061,0.141258],"acelerometro":[0.141258,-9.831789,-0.48722],"magnetometro":[17.45,39,-88.67],"payload":{"G":[0,0],"aG":0,"aP":68281,"P":0,"D":[0,0,"4"]}}
{"equipe":"1","bateria":0,"temperatura":28.5,"pressao":92200,"giroscopio":[-0.02638,0.007061,0.141258],"acelerometro":[0.141258,-9.831789,-0.48722],"magnetometro":[17.45,39,-88.67],"payload":{"G":[0,0],"aG":0,"aP":68281,"P":0,"D":[0,0,"9"]}}
{"equipe":"1","bateria":0,"temperatura":28.5,"pressao":92200,"giroscopio":[-0.02638,0.007061,0.141258],"acelerometro":[0.141258,-9.831789,-0.48722],"magnetometro":[17.45,39,-88.67],"payload":{"G":[0,0],"aG":0,"aP":68281,"P":0,"D":[0,0,"9"]}}{"equipe":"1","bateria":0,"temperatura":28.5,"pressao":92200,"giroscopio":[-0.02638,0.007061,0.141258],"acelerometro":[0.141258,-9.831789,-0.48722],"magnetometro":[17.45,39,-88.67],"payload":{"G":[0,0],"aG":0,"aP":68281,"P":0,"D":[0,0,"7"]}}
{"equipe":"1","bateria":0,"temperatura":28.5,"pressao":92200,"giroscopio":[-0.02638,0.007061,0.141258],"acelerometro":[0.141258,-9.831789,-0.48722],"magnetometro":[17.45,39,-88.67],"payload":{"G":[0,0],"aG":0,"aP":68281,"P":0,"D":[0,0,"11"]}}
{"equipe":"1","bateria":0,"temperatura":28.5,"pressao":92200,"giroscopio":[-0.02638,0.007061,0.141258],"acelerometro":[0.141258,-9.831789,-0.48722],"magnetometro":[17.45,39,-88.67],"payload":{"G":[0,0],"aG":0,"aP":68281,"P":0,"D":[0,0,"13"]}}
{"equipe":"1","bateria":0,"temperatura":28.5,"pressao":92200,"giroscopio":[-0.02638,0.007061,0.141258],"acelerometro":[0.141258,-9.831789,-0.48722],"magnetometro":[17.45,39,-88.67],"payload":{"G":[0,0],"aG":0,"aP":68281,"P":0,"D":[0,0,"15"]}}
{"equipe":"1","bateria":0,"temperatura":28.5,"pressao":92200,"giroscopio":[-0.02638,0.007061,0.141258],"acelerometro":[0.141258,-9.831789,-0.48722],"magnetometro":[17.45,39,-88.67],"payload":{"G":[0,0],"aG":0,"aP":68281,"P":0,"D":[0,0,"17"]}}
{"equipe":"1","bateria":0,"temperatura":28.5,"pressao":92200,"giroscopio":[-0.02638,0.007061,0.141258],"acelerometro":[0.141258,-9.831789,-0.48722],"magnetometro":[17.45,39,-88.67],"payload":{"G":[0,0],"aG":0,"aP":68281,"P":0,"D":[0,0,"19"]}}
{"equipe":"1","bateria":0,"temperatura":28.5,"pressao":92200,"giroscopio":[-0.02638,0.007061,0.141258],"acelerometro":[0.141258,-9.831789,-0.48722],"magnetometro":[17.45,39,-88.67],"payload":{"G":[0,0],"aG":0,"aP":68281,"P":0,"D":[0,0,"21"]}}
{"equipe":"1","bateria":0,"temperatura":28.5,"pressao":92200,"giroscopio":[-0.02638,0.007061,0.141258],"acelerometro":[0.141258,-9.831789,-0.48722],"magnetometro":[17.45,39,-88.67],"payload":{"G":[0,0],"aG":0,"aP":68281,"P":0,"D":[0,0,"23"]}}
{"equipe":"1","bateria":0,"temperatura":28.5,"pressao":92200,"giroscopio":[-0.02638,0.007061,0.141258],"acelerometro":[0.141258,-9.831789,-0.48722],"magnetometro":[17.45,39,-88.67],"payload":{"G":[0,0],"aG":0,"aP":68281,"P":0,"D":[0,0,"25"]}}
{"equipe":"1","bateria":0,"temperatura":28.5,"pressao":92200,"giroscopio":[-0.02638,0.007061,0.141258],"acelerometro":[0.141258,-9.831789,-0.48722],"magnetometro":[17.45,39,-88.67],"payload":{"G":[0,0],"aG":0,"aP":68281,"P":0,"D":[0,0,"28"]}}
{"equipe":"1","bateria":0,"temperatura":28.5,"pressao":92200,"giroscopio":[-0.02638,0.007061,0.141258],"acelerometro":[0.141258,-9.831789,-0.48722],"magnetometro":[17.45,39,-88.67],"payload":{"G":[0,0],"aG":0,"aP":68281,"P":0,"D":[0,0,"30"]}}
{"equipe":"1","bateria":0,"temperatura":28.5,"pressao":92200,"giroscopio":[-0.02638,0.007061,0.141258],"acelerometro":[0.141258,-9.831789,-0.48722],"magnetometro":[17.45,39,-88.67],"payload":{"G":[0,0],"aG":0,"aP":68281,"P":0,"D":[0,0,"32"]}}
{"equipe":"1","bateria":0,"temperatura":28.5,"pressao":92200,"giroscopio":[-0.02638,0.007061,0.141258],"acelerometro":[0.141258,-9.831789,-0.48722],"magnetometro":[17.45,39,-88.67],"payload":{"G":[0,0],"aG":0,"aP":68281,"P":0,"D":[0,0,"34"]}}
{"equipe":"1","bateria":0,"temperatura":28.5,"pressao":92200,"giroscopio":[-0.02638,0.007061,0.141258],"acelerometro":[0.141258,-9.831789,-0.48722],"magnetometro":[17.45,39,-88.67],"payload":{"G":[0,0],"aG":0,"aP":68281,"P":0,"D":[0,0,"36"]}}
{"equipe":"1","bateria":0,"temperatura":28.5,"pressao":92200,"giroscopio":[-0.02638,0.007061,0.141258],"acelerometro":[0.141258,-9.831789,-0.48722],"magnetometro":[17.45,39,-88.67],"payload":{"G":[0,0],"aG":0,"aP":68281,"P":0,"D":[0,0,"38"]}}
{"equipe":"1","bateria":0,"temperatura":28.5,"pressao":92200,"giroscopio":[-0.02638,0.007061,0.141258],"acelerometro":[0.141258,-9.831789,-0.48722],"magnetometro":[17.45,39,-88.67],"payload":{"G":[0,0],"aG":0,"aP":68281,"P":0,"D":[0,0,"40"]}}
{"equipe":"1","bateria":0,"temperatura":28.5,"pressao":92200,"giroscopio":[-0.02638,0.007061,0.141258],"acelerometro":[0.141258,-9.831789,-0.48722],"magnetometro":[17.45,39,-88.67],"payload":{"G":[0,0],"aG":0,"aP":68281,"P":0,"D":[0,0,"42"]}}
{"equipe":"1","bateria":0,"temperatura":28.5,"pressao":92200,"giroscopio":[-0.02638,0.007061,0.141258],"acelerometro":[0.141258,-9.831789,-0.48722],"magnetometro":[17.45,39,-88.67],"payload":{"G":[0,0],"aG":0,"aP":68281,"P":0,"D":[0,0,"44"]}}
{"equipe":"1","bateria":0,"temperatura":28.5,"pressao":92200,"giroscopio":[-0.02638,0.007061,0.141258],"acelerometro":[0.141258,-9.831789,-0.48722],"magnetometro":[17.45,39,-88.67],"payload":{"G":[0,0],"aG":0,"aP":68281,"P":0,"D":[0,0,"46"]}}
{"equipe":"1","bateria":0,"temperatura":28.5,"pressao":92200,"giroscopio":[-0.02638,0.007061,0.141258],"acelerometro":[0.141258,-9.831789,-0.48722],"magnetometro":[17.45,39,-88.67],"payload":{"G":[0,0],"aG":0,"aP":68281,"P":0,"D":[0,0,"48"]}}
{"equipe":"1","bateria":0,"temperatura":28.5,"pressao":92200,"giroscopio":[-0.02638,0.007061,0.141258],"acelerometro":[0.141258,-9.831789,-0.48722],"magnetometro":[17.45,39,-88.67],"payload":{"G":[0,0],"aG":0,"aP":68281,"P":0,"D":[0,0,"50"]}}
{"equipe":"1","bateria":0,"temperatura":28.5,"pressao":92200,"giroscopio":[-0.02638,0.007061,0.141258],"acelerometro":[0.141258,-9.831789,-0.48722],"magnetometro":[17.45,39,-88.67],"payload":{"G":[0,0],"aG":0,"aP":68281,"P":0,"D":[0,0,"52"]}}
{"equipe":"1","bateria":0,"temperatura":28.5,"pressao":92200,"giroscopio":[-0.02638,0.007061,0.141258],"acelerometro":[0.141258,-9.831789,-0.48722],"magnetometro":[17.45,39,-88.67],"payload":{"G":[0,0],"aG":0,"aP":68281,"P":0,"D":[0,0,"54"]}}
{"equipe":"1","bateria":0,"temperatura":28.5,"pressao":92200,"giroscopio":[-0.02638,0.007061,0.141258],"acelerometro":[0.141258,-9.831789,-0.48722],"magnetometro":[17.45,39,-88.67],"payload":{"G":[0,0],"aG":0,"aP":68281,"P":0,"D":[0,0,"56"]}}
{"equipe":"1","bateria":0,"temperatura":28.5,"pressao":92200,"giroscopio":[-0.02638,0.007061,0.141258],"acelerometro":[0.141258,-9.831789,-0.48722],"magnetometro":[17.45,39,-88.67],"payload":{"G":[0,0],"aG":0,"aP":68281,"P":0,"D":[0,0,"58"]}}
{"equipe":"1","bateria":0,"temperatura":28.5,"pressao":92200,"giroscopio":[-0.02638,0.007061,0.141258],"acelerometro":[0.141258,-9.831789,-0.48722],"magnetometro":[17.45,39,-88.67],"payload":{"G":[0,0],"aG":0,"aP":68281,"P":0,"D":[0,0,"60"]}}
{"equipe":"1","bateria":0,"temperatura":28.5,"pressao":92200,"giroscopio":[-0.02638,0.007061,0.141258],"acelerometro":[0.141258,-9.831789,-0.48722],"magnetometro":[17.45,39,-88.67],"payload":{"G":[0,0],"aG":0,"aP":68281,"P":0,"D":[0,0,"62"]}}
{"equipe":"1","bateria":0,"temperatura":28.5,"pressao":92200,"giroscopio":[-0.02638,0.007061,0.141258],"acelerometro":[0.141258,-9.831789,-0.48722],"magnetometro":[17.45,39,-88.67],"payload":{"G":[0,0],"aG":0,"aP":68281,"P":0,"D":[0,0,"64"]}}
{"equipe":"1","bateria":0,"temperatura":28.5,"pressao":92200,"giroscopio":[-0.02638,0.007061,0.141258],"acelerometro":[0.141258,-9.831789,-0.48722],"magnetometro":[17.45,39,-88.67],"payload":{"G":[0,0],"aG":0,"aP":68281,"P":0,"D":[0,0,"66"]}}
{"equipe":"1","bateria":0,"temperatura":28.5,"pressao":92200,"giroscopio":[-0.02638,0.007061,0.141258],"acelerometro":[0.141258,-9.831789,-0.48722],"magnetometro":[17.45,39,-88.67],"payload":{"G":[0,0],"aG":0,"aP":68281,"P":0,"D":[0,0,"68"]}}
{"equipe":"1","bateria":0,"temperatura":28.5,"pressao":92200,"giroscopio":[-0.02638,0.007061,0.141258],"acelerometro":[0.141258,-9.831789,-0.48722],"magnetometro":[17.45,39,-88.67],"payload":{"G":[0,0],"aG":0,"aP":68281,"P":0,"D":[0,0,"70"]}}
{"equipe":"1","bateria":0,"temperatura":28.5,"pressao":92200,"giroscopio":[-0.02638,0.007061,0.141258],"acelerometro":[0.141258,-9.831789,-0.48722],"magnetometro":[17.45,39,-88.67],"payload":{"G":[0,0],"aG":0,"aP":68281,"P":0,"D":[0,0,"72"]}}
{"equipe":"1","bateria":0,"temperatura":28.5,"pressao":92200,"giroscopio":[-0.02638,0.007061,0.141258],"acelerometro":[0.141258,-9.831789,-0.48722],"magnetometro":[17.45,39,-88.67],"payload":{"G":[0,0],"aG":0,"aP":68281,"P":0,"D":[0,0,"74"]}}
{"equipe":"1","bateria":0,"temperatura":28.5,"pressao":92200,"giroscopio":[-0.02638,0.007061,0.141258],"acelerometro":[0.141258,-9.831789,-0.48722],"magnetometro":[17.45,39,-88.67],"payload":{"G":[0,0],"aG":0,"aP":68281,"P":0,"D":[0,0,"76"]}}
{"equipe":"1","bateria":0,"temperatura":28.5,"pressao":92200,"giroscopio":[-0.02638,0.007061,0.141258],"acelerometro":[0.141258,-9.831789,-0.48722],"magnetometro":[17.45,39,-88.67],"payload":{"G":[0,0],"aG":0,"aP":68281,"P":0,"D":[0,0,"78"]}}
{"equipe":"1","bateria":0,"temperatura":28.5,"pressao":92200,"giroscopio":[-0.02638,0.007061,0.141258],"acelerometro":[0.141258,-9.831789,-0.48722],"magnetometro":[17.45,39,-88.67],"payload":{"G":[0,0],"aG":0,"aP":68281,"P":0,"D":[0,0,"80"]}}
{"equipe":"1","bateria":0,"temperatura":28.5,"pressao":92200,"giroscopio":[-0.02638,0.007061,0.141258],"acelerometro":[0.141258,-9.831789,-0.48722],"magnetometro":[17.45,39,-88.67],"payload":{"G":[0,0],"aG":0,"aP":68281,"P":0,"D":[0,0,"82"]}}
{"equipe":"1","bateria":0,"temperatura":28.5,"pressao":92200,"giroscopio":[-0.02638,0.007061,0.141258],"acelerometro":[0.141258,-9.831789,-0.48722],"magnetometro":[17.45,39,-88.67],"payload":{"G":[0,0],"aG":0,"aP":68281,"P":0,"D":[0,0,"84"]}}
{"equipe":"1","bateria":0,"temperatura":28.5,"pressao":92200,"giroscopio":[-0.02638,0.007061,0.141258],"acelerometro":[0.141258,-9.831789,-0.48722],"magnetometro":[17.45,39,-88.67],"payload":{"G":[0,0],"aG":0,"aP":68281,"P":0,"D":[0,0,"86"]}}
{"equipe":"1","bateria":0,"temperatura":28.5,"pressao":92200,"giroscopio":[-0.02638,0.007061,0.141258],"acelerometro":[0.141258,-9.831789,-0.48722],"magnetometro":[17.45,39,-88.67],"payload":{"G":[0,0],"aG":0,"aP":68281,"P":0,"D":[0,0,"89"]}}
{"equipe":"1","bateria":0,"temperatura":28.5,"pressao":92200,"giroscopio":[-0.02638,0.007061,0.141258],"acelerometro":[0.141258,-9.831789,-0.48722],"magnetometro":[17.45,39,-88.67],"payload":{"G":[0,0],"aG":0,"aP":68281,"P":0,"D":[0,0,"91"]}}
{"equipe":"1","bateria":0,"temperatura":28.5,"pressao":92200,"giroscopio":[-0.02638,0.007061,0.141258],"acelerometro":[0.141258,-9.831789,-0.48722],"magnetometro":[17.45,39,-88.67],"payload":{"G":[0,0],"aG":0,"aP":68281,"P":0,"D":[0,0,"93"]}}
{"equipe":"1","bateria":0,"temperatura":28.5,"pressao":92200,"giroscopio":[-0.02638,0.007061,0.141258],"acelerometro":[0.141258,-9.831789,-0.48722],"magnetometro":[17.45,39,-88.67],"payload":{"G":[0,0],"aG":0,"aP":68281,"P":0,"D":[0,0,"95"]}}
{"equipe":"1","bateria":0,"temperatura":28.5,"pressao":92200,"giroscopio":[-0.02638,0.007061,0.141258],"acelerometro":[0.141258,-9.831789,-0.48722],"magnetometro":[17.45,39,-88.67],"payload":{"G":[0,0],"aG":0,"aP":68281,"P":0,"D":[0,0,"97"]}}
{"equipe":"1","bateria":0,"temperatura":28.5,"pressao":92200,"giroscopio":[-0.02638,0.007061,0.141258],"acelerometro":[0.141258,-9.831789,-0.48722],"magnetometro":[17.45,39,-88.67],"payload":{"G":[0,0],"aG":0,"aP":68281,"P":0,"D":[0,0,"99"]}}
{"equipe":"1","bateria":0,"temperatura":28.5,"pressao":92200,"giroscopio":[-0.02638,0.007061,0.141258],"acelerometro":[0.141258,-9.831789,-0.48722],"magnetometro":[17.45,39,-88.67],"payload":{"G":[0,0],"aG":0,"aP":68281,"P":0,"D":[0,0,"101"]}}
{"equipe":"1","bateria":0,"temperatura":28.5,"pressao":92200,"giroscopio":[-0.02638,0.007061,0.141258],"acelerometro":[0.141258,-9.831789,-0.48722],"magnetometro":[17.45,39,-88.67],"payload":{"G":[0,0],"aG":0,"aP":68281,"P":0,"D":[0,0,"103"]}}
{"equipe":"1","bateria":0,"temperatura":28.5,"pressao":92200,"giroscopio":[-0.02638,0.007061,0.141258],"acelerometro":[0.141258,-9.831789,-0.48722],"magnetometro":[17.45,39,-88.67],"payload":{"G":[0,0],"aG":0,"aP":68281,"P":0,"D":[0,0,"105"]}}
{"equipe":"1","bateria":0,"temperatura":28.5,"pressao":92200,"giroscopio":[-0.02638,0.007061,0.141258],"acelerometro":[0.141258,-9.831789,-0.48722],"magnetometro":[17.45,39,-88.67],"payload":{"G":[0,0],"aG":0,"aP":68281,"P":0,"D":[0,0,"107"]}}
{"equipe":"1","bateria":0,"temperatura":28.5,"pressao":92200,"giroscopio":[-0.02638,0.007061,0.141258],"acelerometro":[0.141258,-9.831789,-0.48722],"magnetometro":[17.45,39,-88.67],"payload":{"G":[0,0],"aG":0,"aP":68281,"P":0,"D":[0,0,"109"]}}
{"equipe":"1","bateria":0,"temperatura":28.5,"pressao":92200,"giroscopio":[-0.02638,0.007061,0.141258],"acelerometro":[0.141258,-9.831789,-0.48722],"magnetometro":[17.45,39,-88.67],"payload":{"G":[0,0],"aG":0,"aP":68281,"P":0,"D":[0,0,"111"]}}
{"equipe":"1","bateria":0,"temperatura":28.5,"pressao":92200,"giroscopio":[-0.02638,0.007061,0.141258],"acelerometro":[0.141258,-9.831789,-0.48722],"magnetometro":[17.45,39,-88.67],"payload":{"G":[0,0],"aG":0,"aP":68281,"P":0,"D":[0,0,"113"]}}
{"equipe":"1","bateria":0,"temperatura":28.5,"pressao":92200,"giroscopio":[-0.02638,0.007061,0.141258],"acelerometro":[0.141258,-9.831789,-0.48722],"magnetometro":[17.45,39,-88.67],"payload":{"G":[0,0],"aG":0,"aP":68281,"P":0,"D":[0,0,"115"]}}
{"equipe":"1","bateria":0,"temperatura":28.5,"pressao":92200,"giroscopio":[-0.02638,0.007061,0.141258],"acelerometro":[0.141258,-9.831789,-0.48722],"magnetometro":[17.45,39,-88.67],"payload":{"G":[0,0],"aG":0,"aP":68281,"P":0,"D":[0,0,"118"]}}
{"equipe":"1","bateria":0,"temperatura":28.5,"pressao":92200,"giroscopio":[-0.02638,0.007061,0.141258],"acelerometro":[0.141258,-9.831789,-0.48722],"magnetometro":[17.45,39,-88.67],"payload":{"G":[0,0],"aG":0,"aP":68281,"P":0,"D":[0,0,"120"]}}
{"equipe":"1","bateria":0,"temperatura":28.5,"pressao":92200,"giroscopio":[-0.02638,0.007061,0.141258],"acelerometro":[0.141258,-9.831789,-0.48722],"magnetometro":[17.45,39,-88.67],"payload":{"G":[0,0],"aG":0,"aP":68281,"P":0,"D":[0,0,"122"]}}
{"equipe":"1","bateria":0,"temperatura":28.5,"pressao":92200,"giroscopio":[-0.02638,0.007061,0.141258],"acelerometro":[0.141258,-9.831789,-0.48722],"magnetometro":[17.45,39,-88.67],"payload":{"G":[0,0],"aG":0,"aP":68281,"P":0,"D":[0,0,"124"]}}
{"equipe":"1","bateria":0,"temperatura":28.5,"pressao":92200,"giroscopio":[-0.02638,0.007061,0.141258],"acelerometro":[0.141258,-9.831789,-0.48722],"magnetometro":[17.45,39,-88.67],"payload":{"G":[0,0],"aG":0,"aP":68281,"P":0,"D":[0,0,"126"]}}
{"equipe":"1","bateria":0,"temperatura":28.5,"pressao":92200,"giroscopio":[-0.02638,0.007061,0.141258],"acelerometro":[0.141258,-9.831789,-0.48722],"magnetometro":[17.45,39,-88.67],"payload":{"G":[0,0],"aG":0,"aP":68281,"P":0,"D":[0,0,"128"]}}
{"equipe":"1","bateria":0,"temperatura":28.5,"pressao":92200,"giroscopio":[-0.02638,0.007061,0.141258],"acelerometro":[0.141258,-9.831789,-0.48722],"magnetometro":[17.45,39,-88.67],"payload":{"G":[0,0],"aG":0,"aP":68281,"P":0,"D":[0,0,"130"]}}
{"equipe":"1","bateria":0,"temperatura":28.5,"pressao":92200,"giroscopio":[-0.02638,0.007061,0.141258],"acelerometro":[0.141258,-9.831789,-0.48722],"magnetometro":[17.45,39,-88.67],"payload":{"G":[0,0],"aG":0,"aP":68281,"P":0,"D":[0,0,"132"]}}
{"equipe":"1","bateria":0,"temperatura":28.5,"pressao":92200,"giroscopio":[-0.02638,0.007061,0.141258],"acelerometro":[0.141258,-9.831789,-0.48722],"magnetometro":[17.45,39,-88.67],"payload":{"G":[0,0],"aG":0,"aP":68281,"P":0,"D":[0,0,"137"]}}
{"equipe":"1","bateria":0,"temperatura":28.5,"pressao":92200,"giroscopio":[-0.02638,0.007061,0.141258],"acelerometro":[0.141258,-9.831789,-0.48722],"magnetometro":[17.45,39,-88.67],"payload":{"G":[0,0],"aG":0,"aP":68281,"P":0,"D":[0,0,"139"]}}
{"equipe":"1","bateria":0,"temperatura":28.5,"pressao":92200,"giroscopio":[-0.02638,0.007061,0.141258],"acelerometro":[0.141258,-9.831789,-0.48722],"magnetometro":[17.45,39,-88.67],"payload":{"G":[0,0],"aG":0,"aP":68281,"P":0,"D":[0,0,"141"]}}
{"equipe":"1","bateria":0,"temperatura":28.5,"pressao":92200,"giroscopio":[-0.02638,0.007061,0.141258],"acelerometro":[0.141258,-9.831789,-0.48722],"magnetometro":[17.45,39,-88.67],"payload":{"G":[0,0],"aG":0,"aP":68281,"P":0,"D":[0,0,"143"]}}
{"equipe":"1","bateria":0,"temperatura":28.5,"pressao":92200,"giroscopio":[-0.02638,0.007061,0.141258],"acelerometro":[0.141258,-9.831789,-0.48722],"magnetometro":[17.45,39,-88.67],"payload":{"G":[0,0],"aG":0,"aP":68281,"P":0,"D":[0,0,"145"]}}
{"equipe":"1","bateria":0,"temperatura":28.5,"pressao":92200,"giroscopio":[-0.02638,0.007061,0.141258],"acelerometro":[0.141258,-9.831789,-0.48722],"magnetometro":[17.45,39,-88.67],"payload":{"G":[0,0],"aG":0,"aP":68281,"P":0,"D":[0,0,"147"]}}
{"equipe":"1","bateria":0,"temperatura":28.5,"pressao":92200,"giroscopio":[-0.02638,0.007061,0.141258],"acelerometro":[0.141258,-9.831789,-0.48722],"magnetometro":[17.45,39,-88.67],"payload":{"G":[0,0],"aG":0,"aP":68281,"P":0,"D":[0,0,"150"]}}
{"equipe":"1","bateria":0,"temperatura":28.5,"pressao":92200,"giroscopio":[-0.02638,0.007061,0.141258],"acelerometro":[0.141258,-9.831789,-0.48722],"magnetometro":[17.45,39,-88.67],"payload":{"G":[0,0],"aG":0,"aP":68281,"P":0,"D":[0,0,"152"]}}
{"equipe":"1","bateria":0,"temperatura":28.5,"pressao":92200,"giroscopio":[-0.02638,0.007061,0.141258],"acelerometro":[0.141258,-9.831789,-0.48722],"magnetometro":[17.45,39,-88.67],"payload":{"G":[0,0],"aG":0,"aP":68281,"P":0,"D":[0,0,"154"]}}
{"equipe":"1","bateria":0,"temperatura":28.5,"pressao":92200,"giroscopio":[-0.02638,0.007061,0.141258],"acelerometro":[0.141258,-9.831789,-0.48722],"magnetometro":[17.45,39,-88.67],"payload":{"G":[0,0],"aG":0,"aP":68281,"P":0,"D":[0,0,"156"]}}
{"equipe":"1","bateria":0,"temperatura":28.5,"pressao":92200,"giroscopio":[-0.02638,0.007061,0.141258],"acelerometro":[0.141258,-9.831789,-0.48722],"magnetometro":[17.45,39,-88.67],"payload":{"G":[0,0],"aG":0,"aP":68281,"P":0,"D":[0,0,"158"]}}
{"equipe":"1","bateria":0,"temperatura":28.5,"pressao":92200,"giroscopio":[-0.02638,0.007061,0.141258],"acelerometro":[0.141258,-9.831789,-0.48722],"magnetometro":[17.45,39,-88.67],"payload":{"G":[0,0],"aG":0,"aP":68281,"P":0,"D":[0,0,"160"]}}
{"equipe":"1","bateria":0,"temperatura":28.5,"pressao":92200,"giroscopio":[-0.02638,0.007061,0.141258],"acelerometro":[0.141258,-9.831789,-0.48722],"magnetometro":[17.45,39,-88.67],"payload":{"G":[0,0],"aG":0,"aP":68281,"P":0,"D":[0,0,"162"]}}
{"equipe":"1","bateria":0,"temperatura":28.5,"pressao":92200,"giroscopio":[-0.02638,0.007061,0.141258],"acelerometro":[0.141258,-9.831789,-0.48722],"magnetometro":[17.45,39,-88.67],"payload":{"G":[0,0],"aG":0,"aP":68281,"P":0,"D":[0,0,"164"]}}
{"equipe":"1","bateria":0,"temperatura":28.5,"pressao":92200,"giroscopio":[-0.02638,0.007061,0.141258],"acelerometro":[0.141258,-9.831789,-0.48722],"magnetometro":[17.45,39,-88.67],"payload":{"G":[0,0],"aG":0,"aP":68281,"P":0,"D":[0,0,"166"]}}
{"equipe":"1","bateria":0,"temperatura":28.5,"pressao":92200,"giroscopio":[-0.02638,0.007061,0.141258],"acelerometro":[0.141258,-9.831789,-0.48722],"magnetometro":[17.45,39,-88.67],"payload":{"G":[0,0],"aG":0,"aP":68281,"P":0,"D":[0,0,"168"]}}
{"equipe":"1","bateria":0,"temperatura":28.5,"pressao":92200,"giroscopio":[-0.02638,0.007061,0.141258],"acelerometro":[0.141258,-9.831789,-0.48722],"magnetometro":[17.45,39,-88.67],"payload":{"G":[0,0],"aG":0,"aP":68281,"P":0,"D":[0,0,"170"]}}
{"equipe":"1","bateria":0,"temperatura":28.5,"pressao":92200,"giroscopio":[-0.02638,0.007061,0.141258],"acelerometro":[0.141258,-9.831789,-0.48722],"magnetometro":[17.45,39,-88.67],"payload":{"G":[0,0],"aG":0,"aP":68281,"P":0,"D":[0,0,"173"]}}
{"equipe":"1","bateria":0,"temperatura":28.5,"pressao":92200,"giroscopio":[-0.02638,0.007061,0.141258],"acelerometro":[0.141258,-9.831789,-0.48722],"magnetometro":[17.45,39,-88.67],"payload":{"G":[0,0],"aG":0,"aP":68281,"P":0,"D":[0,0,"175"]}}
{"equipe":"1","bateria":0,"temperatura":28.5,"pressao":92200,"giroscopio":[-0.02638,0.007061,0.141258],"acelerometro":[0.141258,-9.831789,-0.48722],"magnetometro":[17.45,39,-88.67],"payload":{"G":[0,0],"aG":0,"aP":68281,"P":0,"D":[0,0,"177"]}}
{"equipe":"1","bateria":0,"temperatura":28.5,"pressao":92200,"giroscopio":[-0.02638,0.007061,0.141258],"acelerometro":[0.141258,-9.831789,-0.48722],"magnetometro":[17.45,39,-88.67],"payload":{"G":[0,0],"aG":0,"aP":68281,"P":0,"D":[0,0,"179"]}}
{"equipe":"1","bateria":0,"temperatura":28.5,"pressao":92200,"giroscopio":[-0.02638,0.007061,0.141258],"acelerometro":[0.141258,-9.831789,-0.48722],"magnetometro":[17.45,39,-88.67],"payload":{"G":[0,0],"aG":0,"aP":68281,"P":0,"D":[0,0,"181"]}}
{"equipe":"1","bateria":0,"temperatura":28.5,"pressao":92200,"giroscopio":[-0.02638,0.007061,0.141258],"acelerometro":[0.141258,-9.831789,-0.48722],"magnetometro":[17.45,39,-88.67],"payload":{"G":[0,0],"aG":0,"aP":68281,"P":0,"D":[0,0,"183"]}}
{"equipe":"1","bateria":0,"temperatura":28.5,"pressao":92200,"giroscopio":[-0.02638,0.007061,0.141258],"acelerometro":[0.141258,-9.831789,-0.48722],"magnetometro":[17.45,39,-88.67],"payload":{"G":[0,0],"aG":0,"aP":68281,"P":0,"D":[0,0,"185"]}}
{"equipe":"1","bateria":0,"temperatura":28.5,"pressao":92200,"giroscopio":[-0.02638,0.007061,0.141258],"acelerometro":[0.141258,-9.831789,-0.48722],"magnetometro":[17.45,39,-88.67],"payload":{"G":[0,0],"aG":0,"aP":68281,"P":0,"D":[0,0,"187"]}}
{"equipe":"1","bateria":0,"temperatura":28.5,"pressao":92200,"giroscopio":[-0.02638,0.007061,0.141258],"acelerometro":[0.141258,-9.831789,-0.48722],"magnetometro":[17.45,39,-88.67],"payload":{"G":[0,0],"aG":0,"aP":68281,"P":0,"D":[0,0,"189"]}}
{"equipe":"1","bateria":0,"temperatura":28.5,"pressao":92200,"giroscopio":[-0.02638,0.007061,0.141258],"acelerometro":[0.141258,-9.831789,-0.48722],"magnetometro":[17.45,39,-88.67],"payload":{"G":[0,0],"aG":0,"aP":68281,"P":0,"D":[0,0,"191"]}}
{"equipe":"1","bateria":0,"temperatura":28.5,"pressao":92200,"giroscopio":[-0.02638,0.007061,0.141258],"acelerometro":[0.141258,-9.831789,-0.48722],"magnetometro":[17.45,39,-88.67],"payload":{"G":[0,0],"aG":0,"aP":68281,"P":0,"D":[0,0,"193"]}}
{"equipe":"1","bateria":0,"temperatura":28.5,"pressao":92200,"giroscopio":[-0.02638,0.007061,0.141258],"acelerometro":[0.141258,-9.831789,-0.48722],"magnetometro":[17.45,39,-88.67],"payload":{"G":[0,0],"aG":0,"aP":68281,"P":0,"D":[0,0,"195"]}}
{"equipe":"1","bateria":0,"temperatura":28.5,"pressao":92200,"giroscopio":[-0.02638,0.007061,0.141258],"acelerometro":[0.141258,-9.831789,-0.48722],"magnetometro":[17.45,39,-88.67],"payload":{"G":[0,0],"aG":0,"aP":68281,"P":0,"D":[0,0,"197"]}}
{"equipe":"1","bateria":0,"temperatura":28.5,"pressao":92200,"giroscopio":[-0.02638,0.007061,0.141258],"acelerometro":[0.141258,-9.831789,-0.48722],"magnetometro":[17.45,39,-88.67],"payload":{"G":[0,0],"aG":0,"aP":68281,"P":0,"D":[0,0,"199"]}}
{"equipe":"1","bateria":0,"temperatura":28.5,"pressao":92200,"giroscopio":[-0.02638,0.007061,0.141258],"acelerometro":[0.141258,-9.831789,-0.48722],"magnetometro":[17.45,39,-88.67],"payload":{"G":[0,0],"aG":0,"aP":68281,"P":0,"D":[0,0,"201"]}}
{"equipe":"1","bateria":0,"temperatura":28.5,"pressao":92200,"giroscopio":[-0.02638,0.007061,0.141258],"acelerometro":[0.141258,-9.831789,-0.48722],"magnetometro":[17.45,39,-88.67],"payload":{"G":[0,0],"aG":0,"aP":68281,"P":0,"D":[0,0,"203"]}}
{"equipe":"1","bateria":0,"temperatura":28.5,"pressao":92200,"giroscopio":[-0.02638,0.007061,0.141258],"acelerometro":[0.141258,-9.831789,-0.48722],"magnetometro":[17.45,39,-88.67],"payload":{"G":[0,0],"aG":0,"aP":68281,"P":0,"D":[0,0,"205"]}}
{"equipe":"1","bateria":0,"temperatura":28.5,"pressao":92200,"giroscopio":[-0.02638,0.007061,0.141258],"acelerometro":[0.141258,-9.831789,-0.48722],"magnetometro":[17.45,39,-88.67],"payload":{"G":[0,0],"aG":0,"aP":68281,"P":0,"D":[0,0,"207"]}}
{"equipe":"1","bateria":0,"temperatura":28.5,"pressao":92200,"giroscopio":[-0.02638,0.007061,0.141258],"acelerometro":[0.141258,-9.831789,-0.48722],"magnetometro":[17.45,39,-88.67],"payload":{"G":[0,0],"aG":0,"aP":68281,"P":0,"D":[0,0,"209"]}}
{"equipe":"1","bateria":0,"temperatura":28.5,"pressao":92200,"giroscopio":[-0.02638,0.007061,0.141258],"acelerometro":[0.141258,-9.831789,-0.48722],"magnetometro":[17.45,39,-88.67],"payload":{"G":[0,0],"aG":0,"aP":68281,"P":0,"D":[0,0,"211"]}}
{"equipe":"1","bateria":0,"temperatura":28.5,"pressao":92200,"giroscopio":[-0.02638,0.007061,0.141258],"acelerometro":[0.141258,-9.831789,-0.48722],"magnetometro":[17.45,39,-88.67],"payload":{"G":[0,0],"aG":0,"aP":68281,"P":0,"D":[0,0,"213"]}}
{"equipe":"1","bateria":0,"temperatura":28.5,"pressao":92200,"giroscopio":[-0.02638,0.007061,0.141258],"acelerometro":[0.141258,-9.831789,-0.48722],"magnetometro":[17.45,39,-88.67],"payload":{"G":[0,0],"aG":0,"aP":68281,"P":0,"D":[0,0,"215"]}}
{"equipe":"1","bateria":0,"temperatura":28.5,"pressao":92200,"giroscopio":[-0.02638,0.007061,0.141258],"acelerometro":[0.141258,-9.831789,-0.48722],"magnetometro":[17.45,39,-88.67],"payload":{"G":[0,0],"aG":0,"aP":68281,"P":0,"D":[0,0,"218"]}}
{"equipe":"1","bateria":0,"temperatura":28.5,"pressao":92200,"giroscopio":[-0.02638,0.007061,0.141258],"acelerometro":[0.141258,-9.831789,-0.48722],"magnetometro":[17.45,39,-88.67],"payload":{"G":[0,0],"aG":0,"aP":68281,"P":0,"D":[0,0,"220"]}}
{"equipe":"1","bateria":0,"temperatura":28.5,"pressao":92200,"giroscopio":[-0.02638,0.007061,0.141258],"acelerometro":[0.141258,-9.831789,-0.48722],"magnetometro":[17.45,39,-88.67],"payload":{"G":[0,0],"aG":0,"aP":68281,"P":0,"D":[0,0,"222"]}}
{"equipe":"1","bateria":0,"temperatura":28.5,"pressao":92200,"giroscopio":[-0.02638,0.007061,0.141258],"acelerometro":[0.141258,-9.831789,-0.48722],"magnetometro":[17.45,39,-88.67],"payload":{"G":[0,0],"aG":0,"aP":68281,"P":0,"D":[0,0,"224"]}}
{"equipe":"1","bateria":0,"temperatura":28.5,"pressao":92200,"giroscopio":[-0.02638,0.007061,0.141258],"acelerometro":[0.141258,-9.831789,-0.48722],"magnetometro":[17.45,39,-88.67],"payload":{"G":[0,0],"aG":0,"aP":68281,"P":0,"D":[0,0,"226"]}}
{"equipe":"1","bateria":0,"temperatura":28.5,"pressao":92200,"giroscopio":[-0.02638,0.007061,0.141258],"acelerometro":[0.141258,-9.831789,-0.48722],"magnetometro":[17.45,39,-88.67],"payload":{"G":[0,0],"aG":0,"aP":68281,"P":0,"D":[0,0,"228"]}}
{"equipe":"1","bateria":0,"temperatura":28.5,"pressao":92200,"giroscopio":[-0.02638,0.007061,0.141258],"acelerometro":[0.141258,-9.831789,-0.48722],"magnetometro":[17.45,39,-88.67],"payload":{"G":[0,0],"aG":0,"aP":68281,"P":0,"D":[0,0,"230"]}}
{"equipe":"1","bateria":0,"temperatura":28.5,"pressao":92200,"giroscopio":[-0.02638,0.007061,0.141258],"acelerometro":[0.141258,-9.831789,-0.48722],"magnetometro":[17.45,39,-88.67],"payload":{"G":[0,0],"aG":0,"aP":68281,"P":0,"D":[0,0,"232"]}}
{"equipe":"1","bateria":0,"temperatura":28.5,"pressao":92200,"giroscopio":[-0.02638,0.007061,0.141258],"acelerometro":[0.141258,-9.831789,-0.48722],"magnetometro":[17.45,39,-88.67],"payload":{"G":[0,0],"aG":0,"aP":68281,"P":0,"D":[0,0,"234"]}}
{"equipe":"1","bateria":0,"temperatura":28.5,"pressao":92200,"giroscopio":[-0.02638,0.007061,0.141258],"acelerometro":[0.141258,-9.831789,-0.48722],"magnetometro":[17.45,39,-88.67],"payload":{"G":[0,0],"aG":0,"aP":68281,"P":0,"D":[0,0,"236"]}}
{"equipe":"1","bateria":0,"temperatura":28.5,"pressao":92200,"giroscopio":[-0.02638,0.007061,0.141258],"acelerometro":[0.141258,-9.831789,-0.48722],"magnetometro":[17.45,39,-88.67],"payload":{"G":[0,0],"aG":0,"aP":68281,"P":0,"D":[0,0,"238"]}}
{"equipe":"1","bateria":0,"temperatura":28.5,"pressao":92200,"giroscopio":[-0.02638,0.007061,0.141258],"acelerometro":[0.141258,-9.831789,-0.48722],"magnetometro":[17.45,39,-88.67],"payload":{"G":[0,0],"aG":0,"aP":68281,"P":0,"D":[0,0,"240"]}}
{"equipe":"1","bateria":0,"temperatura":28.5,"pressao":92200,"giroscopio":[-0.02638,0.007061,0.141258],"acelerometro":[0.141258,-9.831789,-0.48722],"magnetometro":[17.45,39,-88.67],"payload":{"G":[0,0],"aG":0,"aP":68281,"P":0,"D":[0,0,"242"]}}
{"equipe":"1","bateria":0,"temperatura":28.5,"pressao":92200,"giroscopio":[-0.02638,0.007061,0.141258],"acelerometro":[0.141258,-9.831789,-0.48722],"magnetometro":[17.45,39,-88.67],"payload":{"G":[0,0],"aG":0,"aP":68281,"P":0,"D":[0,0,"244"]}}
{"equipe":"1","bateria":0,"temperatura":28.5,"pressao":92200,"giroscopio":[-0.02638,0.007061,0.141258],"acelerometro":[0.141258,-9.831789,-0.48722],"magnetometro":[17.45,39,-88.67],"payload":{"G":[0,0],"aG":0,"aP":68281,"P":0,"D":[0,0,"246"]}}
{"equipe":"1","bateria":0,"temperatura":28.5,"pressao":92200,"giroscopio":[-0.02638,0.007061,0.141258],"acelerometro":[0.141258,-9.831789,-0.48722],"magnetometro":[17.45,39,-88.67],"payload":{"G":[0,0],"aG":0,"aP":68281,"P":0,"D":[0,0,"248"]}}
{"equipe":"1","bateria":0,"temperatura":28.5,"pressao":92200,"giroscopio":[-0.02638,0.007061,0.141258],"acelerometro":[0.141258,-9.831789,-0.48722],"magnetometro":[17.45,39,-88.67],"payload":{"G":[0,0],"aG":0,"aP":68281,"P":0,"D":[0,0,"251"]}}
{"equipe":"1","bateria":0,"temperatura":28.5,"pressao":92200,"giroscopio":[-0.02638,0.007061,0.141258],"acelerometro":[0.141258,-9.831789,-0.48722],"magnetometro":[17.45,39,-88.67],"payload":{"G":[0,0],"aG":0,"aP":68281,"P":0,"D":[0,0,"255"]}}
{"equipe":"1","bateria":0,"temperatura":28.5,"pressao":92200,"giroscopio":[-0.02638,0.007061,0.141258],"acelerometro":[0.141258,-9.831789,-0.48722],"magnetometro":[17.45,39,-88.67],"payload":{"G":[0,0],"aG":0,"aP":68281,"P":0,"D":[0,0,"255"]}}{"equipe":"1","bateria":0,"temperatura":28.5,"pressao":92200,"giroscopio":[-0.02638,0.007061,0.141258],"acelerometro":[0.141258,-9.831789,-0.48722],"magnetometro":[17.45,39,-88.67],"payload":{"G":[0,0],"aG":0,"aP":68281,"P":0,"D":[0,0,"253"]}}
{"equipe":"1","bateria":0,"temperatura":28.5,"pressao":92200,"giroscopio":[-0.02638,0.007061,0.141258],"acelerometro":[0.141258,-9.831789,-0.48722],"magnetometro":[17.45,39,-88.67],"payload":{"G":[0,0],"aG":0,"aP":68281,"P":0,"D":[0,0,"257"]}}
{"equipe":"1","bateria":0,"temperatura":28.5,"pressao":92200,"giroscopio":[-0.02638,0.007061,0.141258],"acelerometro":[0.141258,-9.831789,-0.48722],"magnetometro":[17.45,39,-88.67],"payload":{"G":[0,0],"aG":0,"aP":68281,"P":0,"D":[0,0,"259"]}}
{"equipe":"1","bateria":0,"temperatura":28.5,"pressao":92200,"giroscopio":[-0.02638,0.007061,0.141258],"acelerometro":[0.141258,-9.831789,-0.48722],"magnetometro":[17.45,39,-88.67],"payload":{"G":[0,0],"aG":0,"aP":68281,"P":0,"D":[0,0,"261"]}}
{"equipe":"1","bateria":0,"temperatura":28.5,"pressao":92200,"giroscopio":[-0.02638,0.007061,0.141258],"acelerometro":[0.141258,-9.831789,-0.48722],"magnetometro":[17.45,39,-88.67],"payload":{"G":[0,0],"aG":0,"aP":68281,"P":0,"D":[0,0,"263"]}}
{"equipe":"1","bateria":0,"temperatura":28.5,"pressao":92200,"giroscopio":[-0.02638,0.007061,0.141258],"acelerometro":[0.141258,-9.831789,-0.48722],"magnetometro":[17.45,39,-88.67],"payload":{"G":[0,0],"aG":0,"aP":68281,"P":0,"D":[0,0,"265"]}}
{"equipe":"1","bateria":0,"temperatura":28.5,"pressao":92200,"giroscopio":[-0.02638,0.007061,0.141258],"acelerometro":[0.141258,-9.831789,-0.48722],"magnetometro":[17.45,39,-88.67],"payload":{"G":[0,0],"aG":0,"aP":68281,"P":0,"D":[0,0,"270"]}}
{"equipe":"1","bateria":0,"temperatura":28.5,"pressao":92200,"giroscopio":[-0.02638,0.007061,0.141258],"acelerometro":[0.141258,-9.831789,-0.48722],"magnetometro":[17.45,39,-88.67],"payload":{"G":[0,0],"aG":0,"aP":68281,"P":0,"D":[0,0,"274"]}}
{"equipe":"1","bateria":0,"temperatura":28.5,"pressao":92200,"giroscopio":[-0.02638,0.007061,0.141258],"acelerometro":[0.141258,-9.831789,-0.48722],"magnetometro":[17.45,39,-88.67],"payload":{"G":[0,0],"aG":0,"aP":68281,"P":0,"D":[0,0,"274"]}}{"equipe":"1","bateria":0,"temperatura":28.5,"pressao":92200,"giroscopio":[-0.02638,0.007061,0.141258],"acelerometro":[0.141258,-9.831789,-0.48722],"magnetometro":[17.45,39,-88.67],"payload":{"G":[0,0],"aG":0,"aP":68281,"P":0,"D":[0,0,"272"]}}
{"equipe":"1","bateria":0,"temperatura":28.5,"pressao":92200,"giroscopio":[-0.02638,0.007061,0.141258],"acelerometro":[0.141258,-9.831789,-0.48722],"magnetometro":[17.45,39,-88.67],"payload":{"G":[0,0],"aG":0,"aP":68281,"P":0,"D":[0,0,"278"]}}
{"equipe":"1","bateria":0,"temperatura":28.5,"pressao":92200,"giroscopio":[-0.02638,0.007061,0.141258],"acelerometro":[0.141258,-9.831789,-0.48722],"magnetometro":[17.45,39,-88.67],"payload":{"G":[0,0],"aG":0,"aP":68281,"P":0,"D":[0,0,"278"]}}{"equipe":"1","bateria":0,"temperatura":28.5,"pressao":92200,"giroscopio":[-0.02638,0.007061,0.141258],"acelerometro":[0.141258,-9.831789,-0.48722],"magnetometro":[17.45,39,-88.67],"payload":{"G":[0,0],"aG":0,"aP":68281,"P":0,"D":[0,0,"276"]}}
{"equipe":"1","bateria":0,"temperatura":28.5,"pressao":92200,"giroscopio":[-0.02638,0.007061,0.141258],"acelerometro":[0.141258,-9.831789,-0.48722],"magnetometro":[17.45,39,-88.67],"payload":{"G":[0,0],"aG":0,"aP":68281,"P":0,"D":[0,0,"280"]}}
{"equipe":"1","bateria":0,"temperatura":28.5,"pressao":92200,"giroscopio":[-0.02638,0.007061,0.141258],"acelerometro":[0.141258,-9.831789,-0.48722],"magnetometro":[17.45,39,-88.67],"payload":{"G":[0,0],"aG":0,"aP":68281,"P":0,"D":[0,0,"282"]}}
{"equipe":"1","bateria":0,"temperatura":28.5,"pressao":92200,"giroscopio":[-0.02638,0.007061,0.141258],"acelerometro":[0.141258,-9.831789,-0.48722],"magnetometro":[17.45,39,-88.67],"payload":{"G":[0,0],"aG":0,"aP":68281,"P":0,"D":[0,0,"287"]}}
{"equipe":"1","bateria":0,"temperatura":28.5,"pressao":92200,"giroscopio":[-0.02638,0.007061,0.141258],"acelerometro":[0.141258,-9.831789,-0.48722],"magnetometro":[17.45,39,-88.67],"payload":{"G":[0,0],"aG":0,"aP":68281,"P":0,"D":[0,0,"289"]}}
{"equipe":"1","bateria":0,"temperatura":28.5,"pressao":92200,"giroscopio":[-0.02638,0.007061,0.141258],"acelerometro":[0.141258,-9.831789,-0.48722],"magnetometro":[17.45,39,-88.67],"payload":{"G":[0,0],"aG":0,"aP":68281,"P":0,"D":[0,0,"293"]}}
{"equipe":"1","bateria":0,"temperatura":28.5,"pressao":92200,"giroscopio":[-0.02638,0.007061,0.141258],"acelerometro":[0.141258,-9.831789,-0.48722],"magnetometro":[17.45,39,-88.67],"payload":{"G":[0,0],"aG":0,"aP":68281,"P":0,"D":[0,0,"293"]}}{"equipe":"1","bateria":0,"temperatura":28.5,"pressao":92200,"giroscopio":[-0.02638,0.007061,0.141258],"acelerometro":[0.141258,-9.831789,-0.48722],"magnetometro":[17.45,39,-88.67],"payload":{"G":[0,0],"aG":0,"aP":68281,"P":0,"D":[0,0,"291"]}}
{"equipe":"1","bateria":0,"temperatura":28.5,"pressao":92200,"giroscopio":[-0.02638,0.007061,0.141258],"acelerometro":[0.141258,-9.831789,-0.48722],"magnetometro":[17.45,39,-88.67],"payload":{"G":[0,0],"aG":0,"aP":68281,"P":0,"D":[0,0,"295"]}}
{"equipe":"1","bateria":0,"temperatura":28.5,"pressao":92200,"giroscopio":[-0.02638,0.007061,0.141258],"acelerometro":[0.141258,-9.831789,-0.48722],"magnetometro":[17.45,39,-88.67],"payload":{"G":[0,0],"aG":0,"aP":68281,"P":0,"D":[0,0,"297"]}}
{"equipe":"1","bateria":0,"temperatura":28.5,"pressao":92200,"giroscopio":[-0.02638,0.007061,0.141258],"acelerometro":[0.141258,-9.831789,-0.48722],"magnetometro":[17.45,39,-88.67],"payload":{"G":[0,0],"aG":0,"aP":68281,"P":0,"D":[0,0,"299"]}}
{"equipe":"1","bateria":0,"temperatura":28.5,"pressao":92200,"giroscopio":[-0.02638,0.007061,0.141258],"acelerometro":[0.141258,-9.831789,-0.48722],"magnetometro":[17.45,39,-88.67],"payload":{"G":[0,0],"aG":0,"aP":68281,"P":0,"D":[0,0,"302"]}}
{"equipe":"1","bateria":0,"temperatura":28.5,"pressao":92200,"giroscopio":[-0.02638,0.007061,0.141258],"acelerometro":[0.141258,-9.831789,-0.48722],"magnetometro":[17.45,39,-88.67],"payload":{"G":[0,0],"aG":0,"aP":68281,"P":0,"D":[0,0,"304"]}}
{"equipe":"1","bateria":0,"temperatura":28.5,"pressao":92200,"giroscopio":[-0.02638,0.007061,0.141258],"acelerometro":[0.141258,-9.831789,-0.48722],"magnetometro":[17.45,39,-88.67],"payload":{"G":[0,0],"aG":0,"aP":68281,"P":0,"D":[0,0,"308"]}}
{"equipe":"1","bateria":0,"temperatura":28.5,"pressao":92200,"giroscopio":[-0.02638,0.007061,0.141258],"acelerometro":[0.141258,-9.831789,-0.48722],"magnetometro":[17.45,39,-88.67],"payload":{"G":[0,0],"aG":0,"aP":68281,"P":0,"D":[0,0,"308"]}}{"equipe":"1","bateria":0,"temperatura":28.5,"pressao":92200,"giroscopio":[-0.02638,0.007061,0.141258],"acelerometro":[0.141258,-9.831789,-0.48722],"magnetometro":[17.45,39,-88.67],"payload":{"G":[0,0],"aG":0,"aP":68281,"P":0,"D":[0,0,"306"]}}
{"equipe":"1","bateria":0,"temperatura":28.5,"pressao":92200,"giroscopio":[-0.02638,0.007061,0.141258],"acelerometro":[0.141258,-9.831789,-0.48722],"magnetometro":[17.45,39,-88.67],"payload":{"G":[0,0],"aG":0,"aP":68281,"P":0,"D":[0,0,"310"]}}
{"equipe":"1","bateria":0,"temperatura":28.5,"pressao":92200,"giroscopio":[-0.02638,0.007061,0.141258],"acelerometro":[0.141258,-9.831789,-0.48722],"magnetometro":[17.45,39,-88.67],"payload":{"G":[0,0],"aG":0,"aP":68281,"P":0,"D":[0,0,"312"]}}
{"equipe":"1","bateria":0,"temperatura":28.5,"pressao":92200,"giroscopio":[-0.02638,0.007061,0.141258],"acelerometro":[0.141258,-9.831789,-0.48722],"magnetometro":[17.45,39,-88.67],"payload":{"G":[0,0],"aG":0,"aP":68281,"P":0,"D":[0,0,"314"]}}
{"equipe":"1","bateria":0,"temperatura":28.5,"pressao":92200,"giroscopio":[-0.02638,0.007061,0.141258],"acelerometro":[0.141258,-9.831789,-0.48722],"magnetometro":[17.45,39,-88.67],"payload":{"G":[0,0],"aG":0,"aP":68281,"P":0,"D":[0,0,"318"]}}
{"equipe":"1","bateria":0,"temperatura":28.5,"pressao":92200,"giroscopio":[-0.02638,0.007061,0.141258],"acelerometro":[0.141258,-9.831789,-0.48722],"magnetometro":[17.45,39,-88.67],"payload":{"G":[0,0],"aG":0,"aP":68281,"P":0,"D":[0,0,"318"]}}{"equipe":"1","bateria":0,"temperatura":28.5,"pressao":92200,"giroscopio":[-0.02638,0.007061,0.141258],"acelerometro":[0.141258,-9.831789,-0.48722],"magnetometro":[17.45,39,-88.67],"payload":{"G":[0,0],"aG":0,"aP":68281,"P":0,"D":[0,0,"316"]}}
{"equipe":"1","bateria":0,"temperatura":28.5,"pressao":92200,"giroscopio":[-0.02638,0.007061,0.141258],"acelerometro":[0.141258,-9.831789,-0.48722],"magnetometro":[17.45,39,-88.67],"payload":{"G":[0,0],"aG":0,"aP":68281,"P":0,"D":[0,0,"321"]}}
{"equipe":"1","bateria":0,"temperatura":28.5,"pressao":92200,"giroscopio":[-0.02638,0.007061,0.141258],"acelerometro":[0.141258,-9.831789,-0.48722],"magnetometro":[17.45,39,-88.67],"payload":{"G":[0,0],"aG":0,"aP":68281,"P":0,"D":[0,0,"323"]}}
{"equipe":"1","bateria":0,"temperatura":28.5,"pressao":92200,"giroscopio":[-0.02638,0.007061,0.141258],"acelerometro":[0.141258,-9.831789,-0.48722],"magnetometro":[17.45,39,-88.67],"payload":{"G":[0,0],"aG":0,"aP":68281,"P":0,"D":[0,0,"325"]}}
{"equipe":"1","bateria":0,"temperatura":28.5,"pressao":92200,"giroscopio":[-0.02638,0.007061,0.141258],"acelerometro":[0.141258,-9.831789,-0.48722],"magnetometro":[17.45,39,-88.67],"payload":{"G":[0,0],"aG":0,"aP":68281,"P":0,"D":[0,0,"327"]}}
{"equipe":"1","bateria":0,"temperatura":28.5,"pressao":92200,"giroscopio":[-0.02638,0.007061,0.141258],"acelerometro":[0.141258,-9.831789,-0.48722],"magnetometro":[17.45,39,-88.67],"payload":{"G":[0,0],"aG":0,"aP":68281,"P":0,"D":[0,0,"329"]}}
{"equipe":"1","bateria":0,"temperatura":28.5,"pressao":92200,"giroscopio":[-0.02638,0.007061,0.141258],"acelerometro":[0.141258,-9.831789,-0.48722],"magnetometro":[17.45,39,-88.67],"payload":{"G":[0,0],"aG":0,"aP":68281,"P":0,"D":[0,0,"331"]}}
{"equipe":"1","bateria":0,"temperatura":28.5,"pressao":92200,"giroscopio":[-0.02638,0.007061,0.141258],"acelerometro":[0.141258,-9.831789,-0.48722],"magnetometro":[17.45,39,-88.67],"payload":{"G":[0,0],"aG":0,"aP":68281,"P":0,"D":[0,0,"333"]}}
{"equipe":"1","bateria":0,"temperatura":28.5,"pressao":92200,"giroscopio":[-0.02638,0.007061,0.141258],"acelerometro":[0.141258,-9.831789,-0.48722],"magnetometro":[17.45,39,-88.67],"payload":{"G":[0,0],"aG":0,"aP":68281,"P":0,"D":[0,0,"335"]}}
{"equipe":"1","bateria":0,"temperatura":28.5,"pressao":92200,"giroscopio":[-0.02638,0.007061,0.141258],"acelerometro":[0.141258,-9.831789,-0.48722],"magnetometro":[17.45,39,-88.67],"payload":{"G":[0,0],"aG":0,"aP":68281,"P":0,"D":[0,0,"337"]}}
{"equipe":"1","bateria":0,"temperatura":28.5,"pressao":92200,"giroscopio":[-0.02638,0.007061,0.141258],"acelerometro":[0.141258,-9.831789,-0.48722],"magnetometro":[17.45,39,-88.67],"payload":{"G":[0,0],"aG":0,"aP":68281,"P":0,"D":[0,0,"340"]}}
{"equipe":"1","bateria":0,"temperatura":28.5,"pressao":92200,"giroscopio":[-0.02638,0.007061,0.141258],"acelerometro":[0.141258,-9.831789,-0.48722],"magnetometro":[17.45,39,-88.67],"payload":{"G":[0,0],"aG":0,"aP":68281,"P":0,"D":[0,0,"342"]}}
{"equipe":"1","bateria":0,"temperatura":28.5,"pressao":92200,"giroscopio":[-0.02638,0.007061,0.141258],"acelerometro":[0.141258,-9.831789,-0.48722],"magnetometro":[17.45,39,-88.67],"payload":{"G":[0,0],"aG":0,"aP":68281,"P":0,"D":[0,0,"344"]}}
{"equipe":"1","bateria":0,"temperatura":28.5,"pressao":92200,"giroscopio":[-0.02638,0.007061,0.141258],"acelerometro":[0.141258,-9.831789,-0.48722],"magnetometro":[17.45,39,-88.67],"payload":{"G":[0,0],"aG":0,"aP":68281,"P":0,"D":[0,0,"346"]}}
{"equipe":"1","bateria":0,"temperatura":28.5,"pressao":92200,"giroscopio":[-0.02638,0.007061,0.141258],"acelerometro":[0.141258,-9.831789,-0.48722],"magnetometro":[17.45,39,-88.67],"payload":{"G":[0,0],"aG":0,"aP":68281,"P":0,"D":[0,0,"348"]}}
{"equipe":"1","bateria":0,"temperatura":28.5,"pressao":92200,"giroscopio":[-0.02638,0.007061,0.141258],"acelerometro":[0.141258,-9.831789,-0.48722],"magnetometro":[17.45,39,-88.67],"payload":{"G":[0,0],"aG":0,"aP":68281,"P":0,"D":[0,0,"351"]}}
{"equipe":"1","bateria":0,"temperatura":28.5,"pressao":92200,"giroscopio":[-0.02638,0.007061,0.141258],"acelerometro":[0.141258,-9.831789,-0.48722],"magnetometro":[17.45,39,-88.67],"payload":{"G":[0,0],"aG":0,"aP":68281,"P":0,"D":[0,0,"353"]}}
{"equipe":"1","bateria":0,"temperatura":28.5,"pressao":92200,"giroscopio":[-0.02638,0.007061,0.141258],"acelerometro":[0.141258,-9.831789,-0.48722],"magnetometro":[17.45,39,-88.67],"payload":{"G":[0,0],"aG":0,"aP":68281,"P":0,"D":[0,0,"355"]}}
{"equipe":"1","bateria":0,"temperatura":28.5,"pressao":92200,"giroscopio":[-0.02638,0.007061,0.141258],"acelerometro":[0.141258,-9.831789,-0.48722],"magnetometro":[17.45,39,-88.67],"payload":{"G":[0,0],"aG":0,"aP":68281,"P":0,"D":[0,0,"360"]}}
{"equipe":"1","bateria":0,"temperatura":28.5,"pressao":92200,"giroscopio":[-0.02638,0.007061,0.141258],"acelerometro":[0.141258,-9.831789,-0.48722],"magnetometro":[17.45,39,-88.67],"payload":{"G":[0,0],"aG":0,"aP":68281,"P":0,"D":[0,0,"367"]}}
{"equipe":"1","bateria":0,"temperatura":28.5,"pressao":92200,"giroscopio":[-0.02638,0.007061,0.141258],"acelerometro":[0.141258,-9.831789,-0.48722],"magnetometro":[17.45,39,-88.67],"payload":{"G":[0,0],"aG":0,"aP":68281,"P":0,"D":[0,0,"367"]}}{"equipe":"1","bateria":0,"temperatura":28.5,"pressao":92200,"giroscopio":[-0.02638,0.007061,0.141258],"acelerometro":[0.141258,-9.831789,-0.48722],"magnetometro":[17.45,39,-88.67],"payload":{"G":[0,0],"aG":0,"aP":68281,"P":0,"D":[0,0,"362"]}}
{"equipe":"1","bateria":0,"temperatura":28.5,"pressao":92200,"giroscopio":[-0.02638,0.007061,0.141258],"acelerometro":[0.141258,-9.831789,-0.48722],"magnetometro":[17.45,39,-88.67],"payload":{"G":[0,0],"aG":0,"aP":68281,"P":0,"D":[0,0,"369"]}}
{"equipe":"1","bateria":0,"temperatura":28.5,"pressao":92200,"giroscopio":[-0.02638,0.007061,0.141258],"acelerometro":[0.141258,-9.831789,-0.48722],"magnetometro":[17.45,39,-88.67],"payload":{"G":[0,0],"aG":0,"aP":68281,"P":0,"D":[0,0,"371"]}}
{"equipe":"1","bateria":0,"temperatura":28.5,"pressao":92200,"giroscopio":[-0.02638,0.007061,0.141258],"acelerometro":[0.141258,-9.831789,-0.48722],"magnetometro":[17.45,39,-88.67],"payload":{"G":[0,0],"aG":0,"aP":68281,"P":0,"D":[0,0,"373"]}}
{"equipe":"1","bateria":0,"temperatura":28.5,"pressao":92200,"giroscopio":[-0.02638,0.007061,0.141258],"acelerometro":[0.141258,-9.831789,-0.48722],"magnetometro":[17.45,39,-88.67],"payload":{"G":[0,0],"aG":0,"aP":68281,"P":0,"D":[0,0,"375"]}}
{"equipe":"1","bateria":0,"temperatura":28.5,"pressao":92200,"giroscopio":[-0.02638,0.007061,0.141258],"acelerometro":[0.141258,-9.831789,-0.48722],"magnetometro":[17.45,39,-88.67],"payload":{"G":[0,0],"aG":0,"aP":68281,"P":0,"D":[0,0,"378"]}}
{"equipe":"1","bateria":0,"temperatura":28.5,"pressao":92200,"giroscopio":[-0.02638,0.007061,0.141258],"acelerometro":[0.141258,-9.831789,-0.48722],"magnetometro":[17.45,39,-88.67],"payload":{"G":[0,0],"aG":0,"aP":68281,"P":0,"D":[0,0,"380"]}}
{"equipe":"1","bateria":0,"temperatura":28.5,"pressao":92200,"giroscopio":[-0.02638,0.007061,0.141258],"acelerometro":[0.141258,-9.831789,-0.48722],"magnetometro":[17.45,39,-88.67],"payload":{"G":[0,0],"aG":0,"aP":68281,"P":0,"D":[0,0,"382"]}}
{"equipe":"1","bateria":0,"temperatura":28.5,"pressao":92200,"giroscopio":[-0.02638,0.007061,0.141258],"acelerometro":[0.141258,-9.831789,-0.48722],"magnetometro":[17.45,39,-88.67],"payload":{"G":[0,0],"aG":0,"aP":68281,"P":0,"D":[0,0,"384"]}}
{"equipe":"1","bateria":0,"temperatura":28.5,"pressao":92200,"giroscopio":[-0.02638,0.007061,0.141258],"acelerometro":[0.141258,-9.831789,-0.48722],"magnetometro":[17.45,39,-88.67],"payload":{"G":[0,0],"aG":0,"aP":68281,"P":0,"D":[0,0,"386"]}}
{"equipe":"1","bateria":0,"temperatura":28.5,"pressao":92200,"giroscopio":[-0.02638,0.007061,0.141258],"acelerometro":[0.141258,-9.831789,-0.48722],"magnetometro":[17.45,39,-88.67],"payload":{"G":[0,0],"aG":0,"aP":68281,"P":0,"D":[0,0,"389"]}}
{"equipe":"1","bateria":0,"temperatura":28.5,"pressao":92200,"giroscopio":[-0.02638,0.007061,0.141258],"acelerometro":[0.141258,-9.831789,-0.48722],"magnetometro":[17.45,39,-88.67],"payload":{"G":[0,0],"aG":0,"aP":68281,"P":0,"D":[0,0,"391"]}}
{"equipe":"1","bateria":0,"temperatura":28.5,"pressao":92200,"giroscopio":[-0.02638,0.007061,0.141258],"acelerometro":[0.141258,-9.831789,-0.48722],"magnetometro":[17.45,39,-88.67],"payload":{"G":[0,0],"aG":0,"aP":68281,"P":0,"D":[0,0,"395"]}}
{"equipe":"1","bateria":0,"temperatura":28.5,"pressao":92200,"giroscopio":[-0.02638,0.007061,0.141258],"acelerometro":[0.141258,-9.831789,-0.48722],"magnetometro":[17.45,39,-88.67],"payload":{"G":[0,0],"aG":0,"aP":68281,"P":0,"D":[0,0,"395"]}}{"equipe":"1","bateria":0,"temperatura":28.5,"pressao":92200,"giroscopio":[-0.02638,0.007061,0.141258],"acelerometro":[0.141258,-9.831789,-0.48722],"magnetometro":[17.45,39,-88.67],"payload":{"G":[0,0],"aG":0,"aP":68281,"P":0,"D":[0,0,"393"]}}
{"equipe":"1","bateria":0,"temperatura":28.5,"pressao":92200,"giroscopio":[-0.02638,0.007061,0.141258],"acelerometro":[0.141258,-9.831789,-0.48722],"magnetometro":[17.45,39,-88.67],"payload":{"G":[0,0],"aG":0,"aP":68281,"P":0,"D":[0,0,"397"]}}
{"equipe":"1","bateria":0,"temperatura":28.5,"pressao":92200,"giroscopio":[-0.02638,0.007061,0.141258],"acelerometro":[0.141258,-9.831789,-0.48722],"magnetometro":[17.45,39,-88.67],"payload":{"G":[0,0],"aG":0,"aP":68281,"P":0,"D":[0,0,"400"]}}
{"equipe":"1","bateria":0,"temperatura":28.5,"pressao":92200,"giroscopio":[-0.02638,0.007061,0.141258],"acelerometro":[0.141258,-9.831789,-0.48722],"magnetometro":[17.45,39,-88.67],"payload":{"G":[0,0],"aG":0,"aP":68281,"P":0,"D":[0,0,"402"]}}
{"equipe":"1","bateria":0,"temperatura":28.5,"pressao":92200,"giroscopio":[-0.02638,0.007061,0.141258],"acelerometro":[0.141258,-9.831789,-0.48722],"magnetometro":[17.45,39,-88.67],"payload":{"G":[0,0],"aG":0,"aP":68281,"P":0,"D":[0,0,"404"]}}
{"equipe":"1","bateria":0,"temperatura":28.5,"pressao":92200,"giroscopio":[-0.02638,0.007061,0.141258],"acelerometro":[0.141258,-9.831789,-0.48722],"magnetometro":[17.45,39,-88.67],"payload":{"G":[0,0],"aG":0,"aP":68281,"P":0,"D":[0,0,"411"]}}
{"equipe":"1","bateria":0,"temperatura":28.5,"pressao":92200,"giroscopio":[-0.02638,0.007061,0.141258],"acelerometro":[0.141258,-9.831789,-0.48722],"magnetometro":[17.45,39,-88.67],"payload":{"G":[0,0],"aG":0,"aP":68281,"P":0,"D":[0,0,"413"]}}
{"equipe":"1","bateria":0,"temperatura":28.5,"pressao":92200,"giroscopio":[-0.02638,0.007061,0.141258],"acelerometro":[0.141258,-9.831789,-0.48722],"magnetometro":[17.45,39,-88.67],"payload":{"G":[0,0],"aG":0,"aP":68281,"P":0,"D":[0,0,"415"]}}
{"equipe":"1","bateria":0,"temperatura":28.5,"pressao":92200,"giroscopio":[-0.02638,0.007061,0.141258],"acelerometro":[0.141258,-9.831789,-0.48722],"magnetometro":[17.45,39,-88.67],"payload":{"G":[0,0],"aG":0,"aP":68281,"P":0,"D":[0,0,"417"]}}
{"equipe":"1","bateria":0,"temperatura":28.5,"pressao":92200,"giroscopio":[-0.02638,0.007061,0.141258],"acelerometro":[0.141258,-9.831789,-0.48722],"magnetometro":[17.45,39,-88.67],"payload":{"G":[0,0],"aG":0,"aP":68281,"P":0,"D":[0,0,"419"]}}
{"equipe":"1","bateria":0,"temperatura":28.5,"pressao":92200,"giroscopio":[-0.02638,0.007061,0.141258],"acelerometro":[0.141258,-9.831789,-0.48722],"magnetometro":[17.45,39,-88.67],"payload":{"G":[0,0],"aG":0,"aP":68281,"P":0,"D":[0,0,"421"]}}
{"equipe":"1","bateria":0,"temperatura":28.5,"pressao":92200,"giroscopio":[-0.02638,0.007061,0.141258],"acelerometro":[0.141258,-9.831789,-0.48722],"magnetometro":[17.45,39,-88.67],"payload":{"G":[0,0],"aG":0,"aP":68281,"P":0,"D":[0,0,"423"]}}
{"equipe":"1","bateria":0,"temperatura":28.5,"pressao":92200,"giroscopio":[-0.02638,0.007061,0.141258],"acelerometro":[0.141258,-9.831789,-0.48722],"magnetometro":[17.45,39,-88.67],"payload":{"G":[0,0],"aG":0,"aP":68281,"P":0,"D":[0,0,"427"]}}
{"equipe":"1","bateria":0,"temperatura":28.5,"pressao":92200,"giroscopio":[-0.02638,0.007061,0.141258],"acelerometro":[0.141258,-9.831789,-0.48722],"magnetometro":[17.45,39,-88.67],"payload":{"G":[0,0],"aG":0,"aP":68281,"P":0,"D":[0,0,"427"]}}{"equipe":"1","bateria":0,"temperatura":28.5,"pressao":92200,"giroscopio":[-0.02638,0.007061,0.141258],"acelerometro":[0.141258,-9.831789,-0.48722],"magnetometro":[17.45,39,-88.67],"payload":{"G":[0,0],"aG":0,"aP":68281,"P":0,"D":[0,0,"425"]}}
{"equipe":"1","bateria":0,"temperatura":28.5,"pressao":92200,"giroscopio":[-0.02638,0.007061,0.141258],"acelerometro":[0.141258,-9.831789,-0.48722],"magnetometro":[17.45,39,-88.67],"payload":{"G":[0,0],"aG":0,"aP":68281,"P":0,"D":[0,0,"429"]}}
{"equipe":"1","bateria":0,"temperatura":28.5,"pressao":92200,"giroscopio":[-0.02638,0.007061,0.141258],"acelerometro":[0.141258,-9.831789,-0.48722],"magnetometro":[17.45,39,-88.67],"payload":{"G":[0,0],"aG":0,"aP":68281,"P":0,"D":[0,0,"432"]}}
{"equipe":"1","bateria":0,"temperatura":28.5,"pressao":92200,"giroscopio":[-0.02638,0.007061,0.141258],"acelerometro":[0.141258,-9.831789,-0.48722],"magnetometro":[17.45,39,-88.67],"payload":{"G":[0,0],"aG":0,"aP":68281,"P":0,"D":[0,0,"434"]}}
{"equipe":"1","bateria":0,"temperatura":28.5,"pressao":92200,"giroscopio":[-0.02638,0.007061,0.141258],"acelerometro":[0.141258,-9.831789,-0.48722],"magnetometro":[17.45,39,-88.67],"payload":{"G":[0,0],"aG":0,"aP":68281,"P":0,"D":[0,0,"4"]}}
{"equipe":"1","bateria":0,"temperatura":28.5,"pressao":92200,"giroscopio":[-0.02638,0.007061,0.141258],"acelerometro":[0.141258,-9.831789,-0.48722],"magnetometro":[17.45,39,-88.67],"payload":{"G":[0,0],"aG":0,"aP":68281,"P":0,"D":[0,0,"6"]}}
{"equipe":"1","bateria":0,"temperatura":28.5,"pressao":92200,"giroscopio":[-0.02638,0.007061,0.141258],"acelerometro":[0.141258,-9.831789,-0.48722],"magnetometro":[17.45,39,-88.67],"payload":{"G":[0,0],"aG":0,"aP":68281,"P":0,"D":[0,0,"9"]}}
{"equipe":"1","bateria":0,"temperatura":28.5,"pressao":92200,"giroscopio":[-0.02638,0.007061,0.141258],"acelerometro":[0.141258,-9.831789,-0.48722],"magnetometro":[17.45,39,-88.67],"payload":{"G":[0,0],"aG":0,"aP":68281,"P":0,"D":[0,0,"11"]}}
{"equipe":"1","bateria":0,"temperatura":28.5,"pressao":92200,"giroscopio":[-0.02638,0.007061,0.141258],"acelerometro":[0.141258,-9.831789,-0.48722],"magnetometro":[17.45,39,-88.67],"payload":{"G":[0,0],"aG":0,"aP":68281,"P":0,"D":[0,0,"13"]}}
{"equipe":"1","bateria":0,"temperatura":28.5,"pressao":92200,"giroscopio":[-0.02638,0.007061,0.141258],"acelerometro":[0.141258,-9.831789,-0.48722],"magnetometro":[17.45,39,-88.67],"payload":{"G":[0,0],"aG":0,"aP":68281,"P":0,"D":[0,0,"15"]}}
{"equipe":"1","bateria":0,"temperatura":28.5,"pressao":92200,"giroscopio":[-0.02638,0.007061,0.141258],"acelerometro":[0.141258,-9.831789,-0.48722],"magnetometro":[17.45,39,-88.67],"payload":{"G":[0,0],"aG":0,"aP":68281,"P":0,"D":[0,0,"17"]}}
